{
  "simulation_parameters_mean": [
    7.175824175824167,
    0.010300609003979892,
    0.06825030483623869,
    369.99999999999983,
    0.0035012211094545584
  ],
  "simulation_parameters_std": [
    2.260179720735956,
    0.004141833545206589,
    0.013713078315842453,
    20.417404723615615,
    0.0004188393936861241
  ],
  "simulation_parameters_min": [
    5.0,
    0.0023333332501351833,
    0.05299999937415123,
    340.0,
    0.003000000026077032
  ],
  "simulation_parameters_max": [
    14.0,
    0.016249999403953552,
    0.10300000011920929,
    400.0,
    0.004000000189989805
  ],
  "simulation_parameters_count": 819,
  "volume_position_mean": [
    0.004300188365377995,
    -1.2435847433392369e-08,
    0.045714484101747256
  ],
  "volume_position_std": [
    0.03408823668596123,
    0.0318708089230122,
    0.035775900271036554
  ],
  "volume_position_min": [
    -0.06988932192325592,
    -0.06997574865818024,
    1.3181614122004248e-05
  ],
  "volume_position_max": [
    0.06997567415237427,
    0.06997576355934143,
    0.4996642470359802
  ],
  "volume_position_count": 4459036840,
  "volume_pressure_mean": [
    10330.64609854046
  ],
  "volume_pressure_std": [
    2828.484801879381
  ],
  "volume_pressure_min": 4258.77978515625,
  "volume_pressure_max": 17429.599609375,
  "volume_pressure_count": 4459036840,
  "volume_temperature_mean": [
    340.2609758284824
  ],
  "volume_temperature_std": [
    25.190793577335622
  ],
  "volume_temperature_min": 299.8630065917969,
  "volume_temperature_max": 400.5979919433594,
  "volume_temperature_count": 4459036840,
  "volume_velocity_mean": [
    -0.004211921486240626,
    0.0004849954362286519,
    0.05264579765062996
  ],
  "volume_velocity_std": [
    0.06950049671324639,
    0.033613502363876,
    0.10296973940735174
  ],
  "volume_velocity_min": [
    -0.43388399481773376,
    -0.43784499168395996,
    -0.5599719882011414
  ],
  "volume_velocity_max": [
    0.4518899917602539,
    0.5606430172920227,
    0.7960739731788635
  ],
  "volume_velocity_count": 4459036840
}
